{
  "items": [
    {
      "metric": "session_restore",
      "elapsed": 0.000287957998807542,
      "created_at": 1776413994.194774,
      "restored": false
    },
    {
      "metric": "app_startup",
      "elapsed": 0.17098141700262204,
      "created_at": 1776413994.195007
    }
  ]
}